0,パワーアップ画面でキャラクターをレベルアップさせよう<br>「パワーアップ!!」ボタンを押してレベルアップ可能
1,日本編1章で九州のお宝をすべて集めよう<br>九州%d県でお宝を取得すればお宝効果が発動します（進行度%d/%d）
2,ユーザーランクを%d上げよう<br>キャラクターやお城体力等をレベルアップすることで可能（進行度%d/%d）
3,ネコ基地でにゃんこガチャを1回引こう<br>にゃんこチケットは毎日のログインボーナスで入手可能
4,ガマトト探検隊で隊員を発見しよう<br>ガマトト探検終了時に1体隊員を発見すれば達成
5,にゃんコンボを発動してステージをクリアしよう<br>特定キャラクターの組み合わせで発動します
6,ネコ道場に挑戦しよう<br>ネコ道場のステージをプレイすると達成
7,基本キャラクターを合計レベル30で第3形態に進化させよう<br>にゃんこガチャでレベルアップすることも可能
8,日本編1章の福岡県をクリアしよう<br>日本編1章の福岡県をクリアすれば達成
9,日本編1章の香川県をクリアしよう<br>日本編1章の香川県をクリアすれば達成
10,日本編1章の鳥取県をクリアしよう<br>日本編1章の鳥取県をクリアすれば達成
11,日本編1章の滋賀県をクリアしよう<br>日本編1章の滋賀県をクリアすれば達成
12,日本編1章の新潟県をクリアしよう<br>日本編1章の新潟県をクリアすれば達成
13,日本編1章の茨城県をクリアしよう<br>日本編1章の茨城県をクリアすれば達成
14,日本編1章の青森県をクリアしよう<br>日本編1章の青森県をクリアすれば達成
15,日本編1章をクリアしよう<br>日本編1章の全てのステージをクリアすれば達成
16,日本編2章をクリアしよう<br>日本編2章の全てのステージをクリアすれば達成
17,日本編3章をクリアしよう<br>日本編3章の全てのステージをクリアすれば達成
18,未来編1章をクリアしよう<br>未来編1章の全てのステージをクリアすれば達成
19,未来編2章をクリアしよう<br>未来編2章の全てのステージをクリアすれば達成
20,未来編3章をクリアしよう<br>未来編3章の全てのステージをクリアすれば達成
21,友達を招待しよう<br>タイトル画面のオプション内「友達招待」から招待できます
22,宇宙編1章をクリアしよう<br>宇宙編1章の全てのステージをクリアすれば達成
23,宇宙編2章をクリアしよう<br>宇宙編2章の全てのステージをクリアすれば達成
24,6周年記念ミッション<br>12月31日までに日本編1章をクリアすれば達成
25,宇宙編3章をクリアしよう<br>宇宙編3章の全てのステージをクリアすれば達成
26,7周年記念ミッション<br>イベント期間中に日本編1章をクリアすれば達成
27,レジェンドステージのステージレベル2をすべてクリアしよう<br>ステージレベル2の全マップをクリアすれば達成
28,レジェンドステージのステージレベル3をすべてクリアしよう<br>ステージレベル3の全マップをクリアすれば達成
29,8周年記念ミッション<br>イベント期間中に日本編1章をクリアすれば達成
8000,にゃんチケドロップステージを%d回クリアしよう<br>対象ステージは「にゃんこミッションとは？」を確認しよう（進行度%d/%d）
8001,XPドロップステージを%d回クリアしよう<br>対象ステージは「にゃんこミッションとは？」を確認しよう（進行度%d/%d）
8002,レジェンドステージを%d回クリアしよう<br>レジェンドステージのいずれかを5回クリアで達成（進行度%d/%d）
8003,ガマトトを探検に出発させて%d回探検終了させよう<br>いずれかのエリアで7回探検終了で達成（進行度%d/%d）
8004,ウィークリーミッションをすべてクリアしよう<br>今週のウィークリーミッション%dつすべて達成すると達成（進行度%d/%d）
8005,にゃんチケドロップステージを%d回クリアしよう<br>対象ステージは「にゃんこミッションとは？」をご確認下さい（進行度%d/%d）
8006,XPドロップステージを%d回クリアしよう<br>対象ステージは「にゃんこミッションとは？」をご確認下さい（進行度%d/%d）
8007,ガマトトを探検に出発させて%d回探検終了させよう<br>いずれかのエリアで10回探検終了で達成（進行度%d/%d）
8008,マタタビドロップステージを%d回クリアしよう<br>対象ステージは「にゃんこミッションとは？」をご確認下さい（進行度%d/%d）
8009,レジェンドステージを%d回クリアしよう<br>レジェンドステージのいずれかを10回クリアで達成（進行度%d/%d）
8010,ウィークリーミッションをすべてクリアしよう<br>今週のウィークリーミッション%dつすべてクリアすると達成（進行度%d/%d）
8011,ウィークリーミッションをすべてクリアしよう<br>今週のウィークリーミッション%dつすべてクリアすると達成（進行度%d/%d）
9000,風雲にゃんこ塔の30階をクリアしよう<br>※既に取得済みの方は取得できません,スペシャルミッションに<br>風雲にゃんこ塔ミッションが追加されたにゃ！
9001,「サマーレッスン」ステージを%d回クリアしよう<br>「サマーレッスン」内の全ステージがクリアカウントの対象（進行度%d/%d）
9002,「サマーレッスン」ステージを%d回クリアしよう<br>「サマーレッスン」内の全ステージがクリアカウントの対象（進行度%d/%d）
9003,「サマーレッスン」ステージを%d回クリアしよう<br>「サマーレッスン」内の全ステージがクリアカウントの対象（進行度%d/%d）
9004,レアキャラクターの「ネコ阿波踊り」を入手しよう<br>「ときめき夏祭り」ステージクリアでドロップすることがあります
9005,スペシャルミッションをすべてクリアしよう<br>夏イベントミッション%dつすべて達成すると達成（進行度%d/%d）
9006,「新たなる神話、始まる」でスコア5000を獲得しよう<br>ステージをクリアすることでスコアは記録されます
9007,「王都バルディア」でスコア5000を獲得しよう<br>ステージをクリアすることでスコアは記録されます
9008,「神々の遊び」でスコア5000を獲得しよう<br>ステージをクリアすることでスコアは記録されます
9009,「ヴァルハラ攻防戦」でスコア5000を獲得しよう<br>ステージをクリアすることでスコアは記録されます
9010,「終末到来！？にゃグナロク！」でスコア3000を獲得しよう<br>ステージをクリアすることでスコアは記録されます
9011,「秋色シルバーウィーク」ステージを%d回クリアしよう<br>「秋色シルバーウィーク」内の全ステージがクリアカウントの対象（進行度%d/%d）,スペシャルミッションに<br>秋色シルバーウィークミッションが追加されたにゃ！
9012,「秋色シルバーウィーク」ステージを%d回クリアしよう<br>「秋色シルバーウィーク」内の全ステージがクリアカウントの対象（進行度%d/%d）
9013,「秋色シルバーウィーク」ステージを%d回クリアしよう<br>「秋色シルバーウィーク」内の全ステージがクリアカウントの対象（進行度%d/%d）
9014,スペシャルミッションをすべてクリアしよう<br>「秋色シルバーウィーク」ミッション%dつすべて達成すると達成（進行度%d/%d）
9015,「オニ軍曹アレン・オニール」でスコア5000以上獲得しよう<br>ステージをクリアすることでスコアは記録されます,スペシャルミッションに<br>メタルスラッグコラボミッションが追加されたにゃ！
9016,「進撃のヒュージハーミット」でスコア5000以上獲得しよう<br>ステージをクリアすることでスコアは記録されます
9017,「ジュピターキングの護衛」でスコア5000以上獲得しよう<br>ステージをクリアすることでスコアは記録されます
9018,「デビルリバース・モーデン超激ムズ」でスコア3000以上獲得しよう<br>ステージをクリアすることでスコアは記録されます
9019,「祝!５周年!!」を%d回クリアしよう<br>ステージクリアしても翌日再出現し、ドロップ報酬もリセット（進行度%d/%d）,スペシャルミッションに<br>5周年記念ミッションが追加されたにゃ！
9020,「５周年記念大会」で5555点以上獲得しよう<br>ランキングステージはネコ道場から挑戦できます,スペシャルミッションに<br>5周年記念ランキングミッションが追加されたにゃ！
9021,「記念ネコ」を進化させよう<br>ミッション期間中に進化させないと達成済みになりません
9022,「校庭の激闘」ステージでスコア4000以上獲得しよう<br>ステージをクリアすることでスコアは記録されます,スペシャルミッションに<br>「Fate/stay night [HF]」コラボミッションが追加されたにゃ！
9023,「深夜の迎撃」ステージでスコア3500以上獲得しよう<br>ステージをクリアすることでスコアは記録されます
9024,「廃墟となった古城」ステージでスコア3000以上獲得しよう<br>ステージをクリアすることでスコアは記録されます
9025,「日常に潜む罠」ステージでスコア2500以上獲得しよう<br>ステージをクリアすることでスコアは記録されます
9026,「終わりの始まり」ステージでスコア1500以上獲得しよう<br>ステージをクリアすることでスコアは記録されます
9027,コラボ限定曜日ゲリラステージを%d回クリアしよう<br>各サーヴァント襲来！ステージの全てがクリアカウントの対象（進行度%d/%d)
9028,風雲にゃんこ塔の40階をクリアしよう<br>※既に取得済みの方は取得できません,スペシャルミッションに<br>風雲にゃんこ塔ミッションが追加されたにゃ！
9029,「サンタが町にやってくる」ステージでスコア2500以上獲得しよう<br>ステージをクリアすることでスコアは記録されます,スペシャルミッションに<br>クリスマスミッションが追加されたにゃ！
9030,「トナカイ一揆」ステージでスコア2000以上獲得しよう<br>ステージをクリアすることでスコアは記録されます
9031,「ムチ打たれた日々」ステージでスコア2000以上獲得しよう<br>ステージをクリアすることでスコアは記録されます
9032,「下剋上」ステージでスコア2000以上獲得しよう<br>ステージをクリアすることでスコアは記録されます
9033,「戦場のクリスマス」ステージでスコア1500以上獲得しよう<br>ステージをクリアすることでスコアは記録されます
9034,「にゃんこ雪まつり」ステージを%d回クリアしよう<br>「にゃんこ雪まつり」内の全ステージがクリアカウントの対象（進行度%d/%d）,スペシャルミッションに<br>にゃんこ雪まつりミッションが追加されたにゃ！
9035,「にゃんこ雪まつり」ステージを%d回クリアしよう<br>「にゃんこ雪まつり」内の全ステージがクリアカウントの対象（進行度%d/%d)
9036,「にゃんこ雪まつり」ステージを%d回クリアしよう<br>「にゃんこ雪まつり」内の全ステージがクリアカウントの対象（進行度%d/%d)
9037,「一回戦　初級」ステージでスコア3000以上獲得しよう<br>ステージをクリアすることでスコアは記録されます,スペシャルミッションに<br>実況パワフルプロ野球コラボミッションが追加されたにゃ！
9038,「二回戦　中級」ステージでスコア6000以上獲得しよう<br>ステージをクリアすることでスコアは記録されます
9039,「決勝戦　上級」ステージでスコア6500以上獲得しよう<br>ステージをクリアすることでスコアは記録されます
9040,潜入作戦!「CHOCO」ステージでスコア2000以上獲得しよう<br>ステージをクリアすることでスコアは記録されます,スペシャルミッションに<br>バレンタインミッションが追加されたにゃ！
9041,奪還作戦!「OKAESHI」ステージでスコア5000以上獲得しよう<br>ステージをクリアすることでスコアは記録されます
9042,「忘れ去られた愛」ステージでスコア6000以上獲得しよう<br>ステージをクリアすることでスコアは記録されます
9043,「がんばれ！受験大戦争」ステージを%d回クリアしよう<br>「がんばれ！受験大戦争」内の全ステージがクリアカウントの対象（進行度%d/%d）,スペシャルミッションに<br>がんばれ！受験大戦争ミッションが追加されたにゃ！
9044,「がんばれ！受験大戦争」ステージを%d回クリアしよう<br>「がんばれ！受験大戦争」内の全ステージがクリアカウントの対象（進行度%d/%d)
9045,「がんばれ！受験大戦争」ステージを%d回クリアしよう<br>「がんばれ！受験大戦争」内の全ステージがクリアカウントの対象（進行度%d/%d)
9046,潜入作戦!「CHOCO」ステージでスコア2000以上獲得しよう<br>ステージをクリアすることでスコアは記録されます,スペシャルミッションに<br>ホワイトデーミッションが追加されたにゃ！
9047,奪還作戦!「OKAESHI」ステージでスコア5000以上獲得しよう<br>ステージをクリアすることでスコアは記録されます
9048,「忘れ去られた愛」ステージでスコア6000以上獲得しよう<br>ステージをクリアすることでスコアは記録されます
9049,「ネコエッグ」をレベル10にして進化させよう<br>イースターイベント期間中に進化させないと達成済みになりません,スペシャルミッションに<br>イースターイベントミッションが追加されたにゃ！
9050,「ちびシンジ」をレベル10にして進化させよう<br>エヴァンゲリオンコラボ期間中に進化させないと達成済みになりません,スペシャルミッションに<br>エヴァンゲリオンコラボミッションが追加されたにゃ！
9051,「決戦!ヤシマ作戦」ステージを%d回クリアしよう<br>「決戦!ヤシマ作戦」内の全ステージがクリアカウントの対象（進行度%d/%d）
9052,「決戦!ヤシマ作戦」ステージを%d回クリアしよう<br>「決戦!ヤシマ作戦」内の全ステージがクリアカウントの対象（進行度%d/%d）
9053,「決戦!ヤシマ作戦」ステージを%d回クリアしよう<br>「決戦!ヤシマ作戦」内の全ステージがクリアカウントの対象（進行度%d/%d）
9054,任意のステージでにゃんコンボ「使徒キラー効果アップ」を発動させてクリア<br>日本編1章クリア後、ちびシンジと、あるキャラを一緒に出撃させると...,スペシャルミッションに<br>エヴァンゲリオンコラボ新規ミッションが追加されたにゃ！
9055,第4の使徒の殲滅<br>対象の使徒をステージ「特別非常事態宣言発令中」で確認
9056,第6の使徒の殲滅<br>対象の使徒をステージ「二子山第2要塞」で確認
9057,第9の使徒の殲滅<br>対象の使徒をステージ「アスカが乗ってるんだよ！ 初級」で確認
9058,第10の使徒の殲滅<br>対象の使徒をステージ「最強の拒絶タイプ 上級」で確認
9059,すべての使徒の殲滅<br>%dつの使徒殲滅ミッションを全て達成する必要があります（進行度%d/%d）
9060,「ポコタ」をレベル10にして進化させよう<br>ポコパン！コラボ期間中に進化させないと達成済みになりません,スペシャルミッションに<br>ポコパン！コラボミッションが追加されたにゃ！
9061,「オビス」をレベル10にして進化させよう<br>ポコパン！コラボ期間中に進化させないと達成済みになりません
9062,「ココ」をレベル10にして進化させよう<br>ポコパン！コラボ期間中に進化させないと達成済みになりません
9063,「仲良し3人組」ステージを%d回クリアしよう<br>「仲良し3人組」内の全ステージがクリアカウントの対象（進行度%d/%d）
9064,「仲良し3人組」ステージを%d回クリアしよう<br>「仲良し3人組」内の全ステージがクリアカウントの対象（進行度%d/%d）
9065,「仲良し3人組」ステージを%d回クリアしよう<br>「仲良し3人組」内の全ステージがクリアカウントの対象（進行度%d/%d）
9066,「太秦萌＆ネコ」をレベル10にして進化させよう<br>地下鉄に乗るっコラボ期間中に進化させないと達成済みになりません,スペシャルミッションに<br>地下鉄に乗るっコラボミッションが追加されたにゃ！
9067,「松賀咲＆ネコ」をレベル10にして進化させよう<br>地下鉄に乗るっコラボ期間中に進化させないと達成済みになりません
9068,「小野ミサ＆ネコ」をレベル10にして進化させよう<br>地下鉄に乗るっコラボ期間中に進化させないと達成済みになりません
9069,「地下鉄に乗るっ」ステージを%d回クリアしよう<br>「地下鉄に乗るっ」内の全ステージがクリアカウントの対象（進行度%d/%d）
9070,「地下鉄に乗るっ」ステージを%d回クリアしよう<br>「地下鉄に乗るっ」内の全ステージがクリアカウントの対象（進行度%d/%d）
9071,「地下鉄に乗るっ」ステージを%d回クリアしよう<br>「地下鉄に乗るっ」内の全ステージがクリアカウントの対象（進行度%d/%d）
9072,「黄金週間ゴールデンウィーク」ステージを%d回クリアしよう<br>「黄金週間ゴールデンウィーク」内の全ステージがクリアカウントの対象（進行度%d/%d）,スペシャルミッションに<br>ゴールデンウィークミッションが追加されたにゃ！
9073,「黄金週間ゴールデンウィーク」ステージを%d回クリアしよう<br>「黄金週間ゴールデンウィーク」内の全ステージがクリアカウントの対象（進行度%d/%d）
9074,「黄金週間ゴールデンウィーク」ステージを%d回クリアしよう<br>「黄金週間ゴールデンウィーク」内の全ステージがクリアカウントの対象（進行度%d/%d）
9075,「タマシイの都」ステージを%d回クリアしよう<br>「タマシイの都」内の全ステージがクリアカウントの対象（進行度%d/%d）,スペシャルミッションに<br>消滅都市コラボミッションが追加されたにゃ！
9076,「タマシイの都」ステージを%d回クリアしよう<br>「タマシイの都」内の全ステージがクリアカウントの対象（進行度%d/%d）
9077,「タマシイの都」ステージを%d回クリアしよう<br>「タマシイの都」内の全ステージがクリアカウントの対象（進行度%d/%d）
9078,「ゆきにゃん」をレベル10にして進化させよう<br>消滅都市コラボ期間中に進化させないと達成済みになりません
9079,「タクヤとユキ」をレベル10にして進化させよう<br>消滅都市コラボ期間中に進化させないと達成済みになりません
9080,「赤髪のゆきにゃん」をレベル10にして進化させよう<br>消滅都市コラボ期間中に進化させないと達成済みになりません
9081,「ぐでぐでしてて忙しい」ステージを%d回クリアしよう<br>「ぐでぐでしてて忙しい」内の全ステージがクリアカウントの対象（進行度%d/%d）,スペシャルミッションに<br>ぐでたまコラボミッションが追加されたにゃ！
9082,「ぐでぐでしてて忙しい」ステージを%d回クリアしよう<br>「ぐでぐでしてて忙しい」内の全ステージがクリアカウントの対象（進行度%d/%d）
9083,「ぐでぐでしてて忙しい」ステージを%d回クリアしよう<br>「ぐでぐでしてて忙しい」内の全ステージがクリアカウントの対象（進行度%d/%d）
9084,「ぐでたまにゃんこ」をレベル10にして進化させよう<br>ぐでたまコラボ期間中に進化させないと達成済みになりません,スペシャルミッションに<br>ぐでたまコラボ新規ミッションが追加されたにゃ！
9085,「じめじめなめなめ大進撃！」ステージを%d回クリアしよう<br>「じめじめなめなめ大進撃！」内の全ステージがクリアカウントの対象（進行度%d/%d）,スペシャルミッションに<br>じめじめなめなめ大進撃イベントミッションが追加されたにゃ！
9086,「じめじめなめなめ大進撃！」ステージを%d回クリアしよう<br>「じめじめなめなめ大進撃！」内の全ステージがクリアカウントの対象（進行度%d/%d）
9087,「じめじめなめなめ大進撃！」ステージを%d回クリアしよう<br>「じめじめなめなめ大進撃！」内の全ステージがクリアカウントの対象（進行度%d/%d）
9088,「なめネコ」をレベル10にして進化させよう<br>じめじめなめなめ大進撃イベント期間中に進化させないと達成済みになりません
9089,「続・禁断の花嫁」ステージを%d回クリアしよう<br>「続・禁断の花嫁」内の全ステージがクリアカウントの対象（進行度%d/%d）,スペシャルミッションに<br>続・禁断の花嫁ミッションが追加されたにゃ！
9090,「続・禁断の花嫁」ステージを%d回クリアしよう<br>「続・禁断の花嫁」内の全ステージがクリアカウントの対象（進行度%d/%d）
9091,「続・禁断の花嫁」ステージを%d回クリアしよう<br>「続・禁断の花嫁」内の全ステージがクリアカウントの対象（進行度%d/%d）
9092,「マダム・ザ・花嫁」をレベル10にして進化させよう<br>6月イベント期間中に進化させないと達成済みになりません,スペシャルミッションに<br>6月イベントミッションが追加されたにゃ！
9093,「とびだす！にゃんこ大戦争」ステージを%d回クリアしよう<br>「とびだす！にゃんこ大戦争」内の全ステージがクリアカウントの対象（進行度%d/%d）,スペシャルミッションに<br>とびだす！にゃんこ大戦争コラボミッションが追加されたにゃ！
9094,「とびだす！にゃんこ大戦争」ステージを%d回クリアしよう<br>「とびだす！にゃんこ大戦争」内の全ステージがクリアカウントの対象（進行度%d/%d）
9095,「とびだす！にゃんこ大戦争」ステージを%d回クリアしよう<br>「とびだす！にゃんこ大戦争」内の全ステージがクリアカウントの対象（進行度%d/%d）
9096,「とびだす！にゃんこ大戦争」ステージを%d回クリアしよう<br>「とびだす！にゃんこ大戦争」内の全ステージがクリアカウントの対象（進行度%d/%d）
9097,仮1<br>仮2,仮1<br>仮2
9098,「だって超夏じゃニャーイ！」ステージを%d回クリアしよう<br>「だって超夏じゃニャーイ！」内の全ステージがクリアカウントの対象（進行度%d/%d）,スペシャルミッションに<br>だって超夏じゃニャーイ！ミッションが追加されたにゃ！
9099,「だって超夏じゃニャーイ！」ステージを%d回クリアしよう<br>「だって超夏じゃニャーイ！」内の全ステージがクリアカウントの対象（進行度%d/%d）
9100,「だって超夏じゃニャーイ！」ステージを%d回クリアしよう<br>「だって超夏じゃニャーイ！」内の全ステージがクリアカウントの対象（進行度%d/%d）
9101,「女王様の休日」をレベル10にして進化させよう<br>7月イベント期間中に進化させないと達成済みになりません,スペシャルミッションに<br>7月イベントミッションが追加されたにゃ！
9102,「城ドラ VS 城ドラ」ステージを%d回クリアしよう<br>「城ドラ VS 城ドラ」内の全ステージがクリアカウントの対象（進行度%d/%d）,スペシャルミッションに<br>城とドラゴンコラボミッションが追加されたにゃ！
9103,「城ドラ VS 城ドラ」ステージを%d回クリアしよう<br>「城ドラ VS 城ドラ」内の全ステージがクリアカウントの対象（進行度%d/%d）
9104,「城ドラ VS 城ドラ」ステージを%d回クリアしよう<br>「城ドラ VS 城ドラ」内の全ステージがクリアカウントの対象（進行度%d/%d）
9105,「ケットバス王国の教え」ステージを%d回クリアしよう<br>「ケットバス王国の教え」内の全ステージがクリアカウントの対象（進行度%d/%d）,スペシャルミッションに<br>ケリ姫スイーツコラボミッションが追加されたにゃ！
9106,「ケットバス王国の教え」ステージを%d回クリアしよう<br>「ケットバス王国の教え」内の全ステージがクリアカウントの対象（進行度%d/%d）
9107,「ケットバス王国の教え」ステージを%d回クリアしよう<br>「ケットバス王国の教え」内の全ステージがクリアカウントの対象（進行度%d/%d）
9108,「ケリ姫」をレベル10にして進化させよう<br>ケリ姫スイーツコラボ期間中に進化させないと達成済みになりません
9109,「ネコひめ」をレベル10にして進化させよう<br>ケリ姫スイーツコラボ期間中に進化させないと達成済みになりません
9110,「眠れるケリの美女」をレベル10にして進化させよう<br>ケリ姫スイーツコラボ期間中に進化させないと達成済みになりません
9111,「あの世へのUターンラッシュ！」ステージを%d回クリアしよう<br>「あの世へのUターンラッシュ！」内の全ステージがクリアカウントの対象（進行度%d/%d）,スペシャルミッションに<br>あの世へのUターンラッシュ！ミッションが追加されたにゃ！
9112,「あの世へのUターンラッシュ！」ステージを%d回クリアしよう<br>「あの世へのUターンラッシュ！」内の全ステージがクリアカウントの対象（進行度%d/%d）
9113,「あの世へのUターンラッシュ！」ステージを%d回クリアしよう<br>「あの世へのUターンラッシュ！」内の全ステージがクリアカウントの対象（進行度%d/%d）
9114,「うらめしにゃん」をレベル10にして進化させよう<br>8月イベント期間中に進化させないと達成済みになりません,スペシャルミッションに<br>8月イベントミッションが追加されたにゃ！
9115,「町でみたすごい老人２」ステージを%d回クリアしよう<br>「町でみたすごい老人２」内の全ステージがクリアカウントの対象（進行度%d/%d）,スペシャルミッションに<br>町でみたすごい老人２ミッションが追加されたにゃ！
9116,「町でみたすごい老人２」ステージを%d回クリアしよう<br>「町でみたすごい老人２」内の全ステージがクリアカウントの対象（進行度%d/%d）
9117,「町でみたすごい老人２」ステージを%d回クリアしよう<br>「町でみたすごい老人２」内の全ステージがクリアカウントの対象（進行度%d/%d）
9118,「カンフーにゃんこG」をレベル10にして進化させよう<br>9月イベント期間中に進化させないと達成済みになりません,スペシャルミッションに<br>9月イベントミッションが追加されたにゃ！
9119,「サマーレッスン」ステージを%d回クリアしよう<br>「サマーレッスン」内の全ステージがクリアカウントの対象（進行度%d/%d）,スペシャルミッションに<br>サマーレッスンイベントミッションが追加されたにゃ！
9120,「サマーレッスン」ステージを%d回クリアしよう<br>「サマーレッスン」内の全ステージがクリアカウントの対象（進行度%d/%d）
9121,「サマーレッスン」ステージを%d回クリアしよう<br>「サマーレッスン」内の全ステージがクリアカウントの対象（進行度%d/%d）
9122,「ネコ阿波踊り」をレベル10にして進化させよう<br>ときめき夏祭りイベント期間中に進化させないと達成済みになりません,スペシャルミッションに<br>ときめき夏祭りイベントミッションが追加されたにゃ！
9123,薔薇園の魔女を倒そう<br>対象の魔女はステージ「薔薇園の魔女 初級」で出現,スペシャルミッションに<br>魔法少女まどか☆マギカコラボミッションが追加されたにゃ！
9124,お菓子の魔女を倒そう<br>対象の魔女はステージ「お菓子の魔女 中級」で出現
9125,ハコの魔女を倒そう<br>対象の魔女はステージ「ハコの魔女 上級」で出現
9126,舞台装置の魔女を倒そう<br>対象の魔女はステージ「舞台装置の魔女 極ムズ」で出現
9127,くるみ割りの魔女を倒そう<br>対象の魔女はステージ「くるみ割りの魔女 超上級」で出現
9128,すべての魔女を倒そう<br>%dつの魔女討伐ミッションを全て達成する必要があります（進行度%d/%d）
9129,「ちびまどか」をレベル10にして進化させよう<br>魔法少女まどか☆マギカコラボ期間中に進化させないと達成済みになりません
9130,「ネコキュゥべえ」をレベル10にして進化させよう<br>魔法少女まどか☆マギカコラボ期間中に進化させないと達成済みになりません
9131,「女王暴走」ステージを%d回クリアしよう<br>「女王暴走」内の全ステージがクリアカウントの対象（進行度%d/%d）,スペシャルミッションに<br>クラッシュフィーバーコラボミッションが追加されたにゃ！
9132,「女王暴走」ステージを%d回クリアしよう<br>「女王暴走」内の全ステージがクリアカウントの対象（進行度%d/%d）
9133,「女王暴走」ステージを%d回クリアしよう<br>「女王暴走」内の全ステージがクリアカウントの対象（進行度%d/%d）
9134,「夜だよ！大運動会」ステージを%d回クリアしよう<br>「夜だよ！大運動会」内の全ステージがクリアカウントの対象（進行度%d/%d）,スペシャルミッションに<br>夜だよ！大運動会ミッションが追加されたにゃ！
9135,「夜だよ！大運動会」ステージを%d回クリアしよう<br>「夜だよ！大運動会」内の全ステージがクリアカウントの対象（進行度%d/%d）
9136,「夜だよ！大運動会」ステージを%d回クリアしよう<br>「夜だよ！大運動会」内の全ステージがクリアカウントの対象（進行度%d/%d）
9137,「ネコ運動会」をレベル10にして進化させよう<br>10月イベント期間中に進化させないと達成済みになりません,スペシャルミッションに<br>10月イベントミッションが追加されたにゃ！
9138,「働き方レボリューション」ステージを%d回クリアしよう<br>「働き方レボリューション」内の全ステージがクリアカウントの対象（進行度%d/%d）,スペシャルミッションに<br>働き方レボリューションミッションが追加されたにゃ！
9139,「働き方レボリューション」ステージを%d回クリアしよう<br>「働き方レボリューション」内の全ステージがクリアカウントの対象（進行度%d/%d）
9140,「働き方レボリューション」ステージを%d回クリアしよう<br>「働き方レボリューション」内の全ステージがクリアカウントの対象（進行度%d/%d）
9141,「ネコリーマン」をレベル10にして進化させよう<br>11月イベント期間中に進化させないと達成済みになりません,スペシャルミッションに<br>11月イベントミッションが追加されたにゃ！
9142,「逆襲のメルクストーリア」ステージを%d回クリアしよう<br>「逆襲のメルクストーリア」内の全ステージがクリアカウントの対象（進行度%d/%d）,スペシャルミッションに<br>メルクストーリアコラボミッションが追加されたにゃ！
9143,「逆襲のメルクストーリア」ステージを%d回クリアしよう<br>「逆襲のメルクストーリア」内の全ステージがクリアカウントの対象（進行度%d/%d）
9144,「逆襲のメルクストーリア」ステージを%d回クリアしよう<br>「逆襲のメルクストーリア」内の全ステージがクリアカウントの対象（進行度%d/%d）
9145,ランキングステージ「無気力修行」に挑戦しよう<br>対象のステージは「ネコ道場」から挑戦できます
9146,「癒術士」をレベル10にして進化させよう<br>メルクストーリアコラボイベント期間中に進化させないと達成済みになりません
9147,「文化祭グルメ戦争」ステージを%d回クリアしよう<br>「文化祭グルメ戦争」内の全ステージがクリアカウントの対象（進行度%d/%d）,スペシャルミッションに<br>文化祭グルメ戦争イベントミッションが追加されたにゃ！
9148,「文化祭グルメ戦争」ステージを%d回クリアしよう<br>「文化祭グルメ戦争」内の全ステージがクリアカウントの対象（進行度%d/%d）
9149,「文化祭グルメ戦争」ステージを%d回クリアしよう<br>「文化祭グルメ戦争」内の全ステージがクリアカウントの対象（進行度%d/%d）
9150,「ネコ屋台」をレベル10にして進化させよう<br>文化祭グルメ戦争イベント期間中に進化させないと達成済みになりません
9151,「宇宙からもクリスマスが来た！」ステージを%d回クリアしよう<br>「宇宙からもクリスマスが来た！」内の全ステージがクリアカウントの対象（進行度%d/%d）,スペシャルミッションに<br>宇宙からもクリスマスが来た！ミッションが追加されたにゃ！
9152,「宇宙からもクリスマスが来た！」ステージを%d回クリアしよう<br>「宇宙からもクリスマスが来た！」内の全ステージがクリアカウントの対象（進行度%d/%d）
9153,「宇宙からもクリスマスが来た！」ステージを%d回クリアしよう<br>「宇宙からもクリスマスが来た！」内の全ステージがクリアカウントの対象（進行度%d/%d）
9154,「トナカイフィッシュ」をレベル10にして進化させよう<br>12月イベント期間中に進化させないと達成済みになりません,スペシャルミッションに<br>12月イベントミッションが追加されたにゃ！
9155,「にゃんぷきん」をレベル10にして進化させよう<br>王道ハロウィン到来！イベント期間中に進化させないと達成済みになりません,スペシャルミッションに<br>王道ハロウィン到来！イベントミッションが追加されたにゃ！
9156,「ネコのプレゼント」をレベル10にして進化させよう<br>赤鼻サンタのプレゼント！イベント期間中に進化させないと達成済みになりません,スペシャルミッションに<br>赤鼻サンタのプレゼント！イベントミッションが追加されたにゃ！
9157,「新年、あけてました。おめっ...」ステージを%d回クリアしよう<br>「新年、あけてました。おめっ...」内の全ステージがクリアカウントの対象（進行度%d/%d）,スペシャルミッションに<br>新年、あけてました。おめっ...ミッションが追加されたにゃ！
9158,「新年、あけてました。おめっ...」ステージを%d回クリアしよう<br>「新年、あけてました。おめっ...」内の全ステージがクリアカウントの対象（進行度%d/%d）
9159,「新年、あけてました。おめっ...」ステージを%d回クリアしよう<br>「新年、あけてました。おめっ...」内の全ステージがクリアカウントの対象（進行度%d/%d）
9160,「にゃんこ成人」をレベル10にして進化させよう<br>1月イベント期間中に進化させないと達成済みになりません,スペシャルミッションに<br>1月イベントミッションが追加されたにゃ！
9161,降臨祭イベント限定ミッション<br>「断罪天使クオリネル降臨」ステージをクリアしよう,スペシャルミッションに<br>降臨祭イベントミッションが追加されたにゃ！
9162,降臨祭イベント限定ミッション<br>「地獄門」ステージをクリアしよう
9163,降臨祭イベント限定ミッション<br>「女帝飛来」ステージをクリアしよう
9164,降臨祭イベント限定ミッション<br>「亡者デブウ降臨」ステージをクリアしよう
9165,降臨祭イベント限定ミッション<br>「チワワン伯爵降臨」ステージをクリアしよう
9166,降臨祭イベント限定ミッション<br>「夜は短し夢みよ乙女」ステージをクリアしよう
9167,すべての降臨ステージを1回ずつクリアしよう<br>%dつの降臨祭ミッションを全て達成する必要があります（進行度%d/%d）
9168,「祝!6周年!!」を%d回クリアしよう<br>ステージクリアしても翌日再出現し、ドロップ報酬もリセット（進行度%d/%d）,スペシャルミッションに<br>6周年記念ミッションが追加されたにゃ！
9169,「6周年記念大会」で6666点以上獲得しよう<br>ランキングステージはネコ道場から挑戦できます,スペシャルミッションに<br>6周年記念ランキングミッションが追加されたにゃ！
9170,「さらに召喚された福！」ステージを%d回クリアしよう<br>「さらに召喚された福！」内の全ステージがクリアカウントの対象（進行度%d/%d）,スペシャルミッションに<br>さらに召喚された福！ミッションが追加されたにゃ！
9171,「さらに召喚された福！」ステージを%d回クリアしよう<br>「さらに召喚された福！」内の全ステージがクリアカウントの対象（進行度%d/%d）
9172,「さらに召喚された福！」ステージを%d回クリアしよう<br>「さらに召喚された福！」内の全ステージがクリアカウントの対象（進行度%d/%d）
9173,「吾輩は鬼である」をレベル10にして進化させよう<br>2月イベント期間中に進化させないと達成済みになりません,スペシャルミッションに<br>2月イベントミッションが追加されたにゃ！
9174,「雛壇の戦士達SP」ステージを%d回クリアしよう<br>「雛壇の戦士達SP」内の全ステージがクリアカウントの対象（進行度%d/%d）,スペシャルミッションに<br>雛壇の戦士達SPミッションが追加されたにゃ！
9175,「雛壇の戦士達SP」ステージを%d回クリアしよう<br>「雛壇の戦士達SP」内の全ステージがクリアカウントの対象（進行度%d/%d）
9176,「雛壇の戦士達SP」ステージを%d回クリアしよう<br>「雛壇の戦士達SP」内の全ステージがクリアカウントの対象（進行度%d/%d）
9177,「ひなにゃんこ」をレベル10にして進化させよう<br>3月イベント期間中に進化させないと達成済みになりません,スペシャルミッションに<br>3月イベントミッションが追加されたにゃ！
9178,「ネコ士郎」をレベル10にして進化させよう<br>Fate/stay night [HF]コラボ期間中に進化させないと達成済みになりません,スペシャルミッションに<br>「Fate/stay night [HF]」コラボミッションが追加されたにゃ！
9179,「新・春だよ！高校教師」ステージを%d回クリアしよう<br>「新・春だよ！高校教師」内の全ステージがクリアカウントの対象（進行度%d/%d）,スペシャルミッションに<br>新・春だよ！高校教師ミッションが追加されたにゃ！
9180,「新・春だよ！高校教師」ステージを%d回クリアしよう<br>「新・春だよ！高校教師」内の全ステージがクリアカウントの対象（進行度%d/%d）
9181,「新・春だよ！高校教師」ステージを%d回クリアしよう<br>「新・春だよ！高校教師」内の全ステージがクリアカウントの対象（進行度%d/%d）
9182,「ネコ乙女」をレベル10にして進化させよう<br>4月イベント期間中に進化させないと達成済みになりません,スペシャルミッションに<br>4月イベントミッションが追加されたにゃ！
9183,「にゃんぼう」をレベル10にして進化させよう<br>生きろ！マンボウ！コラボ期間中に進化させないと達成済みになりません,スペシャルミッションに<br>「生きろ！マンボウ！」コラボミッションが追加されたにゃ！
9184,「コイの五月病アゲイン」ステージを%d回クリアしよう<br>「コイの五月病アゲイン」内の全ステージがクリアカウントの対象（進行度%d/%d）,スペシャルミッションに<br>コイの五月病アゲインミッションが追加されたにゃ！
9185,「コイの五月病アゲイン」ステージを%d回クリアしよう<br>「コイの五月病アゲイン」内の全ステージがクリアカウントの対象（進行度%d/%d）
9186,「コイの五月病アゲイン」ステージを%d回クリアしよう<br>「コイの五月病アゲイン」内の全ステージがクリアカウントの対象（進行度%d/%d）
9187,「マジでコイしてる」をレベル10にして進化させよう<br>5月イベント期間中に進化させないと達成済みになりません,スペシャルミッションに<br>5月イベントミッションが追加されたにゃ！
9188,「きたろう」をレベル10にして進化させよう<br>ゆるゲゲコラボ期間中に進化させないと達成済みになりません,スペシャルミッションに<br>「ゆるゲゲ」コラボミッションが追加されたにゃ！
9189,「目玉おやじ」をレベル10にして進化させよう<br>ゆるゲゲコラボ期間中に進化させないと達成済みになりません
9190,「ねこ娘」をレベル10にして進化させよう<br>ゆるゲゲコラボ期間中に進化させないと達成済みになりません
9191,「ヤマト王子」をレベル10にして進化させよう<br>ビックリマンコラボ期間中に進化させないと達成済みになりません,スペシャルミッションに<br>「ビックリマン」コラボミッションが追加されたにゃ！
9192,「十字架天使」をレベル10にして進化させよう<br>ビックリマンコラボ期間中に進化させないと達成済みになりません
9193,「対決！魔幻モデル」1ステージ目をクリアしよう<br>「天を貫く大要塞 上級」ステージがクリアカウントの対象
9194,「覚醒！ヤマト爆神」1ステージ目をクリアしよう<br>「受け継がれる意志 超上級」ステージがクリアカウントの対象
9195,「ビックリマンチョコ」ステージを%d回クリアしよう<br>「ビックリマンチョコ」内の全ステージがクリアカウントの対象（進行度%d/%d）
9196,「ビックリマンチョコ」ステージを%d回クリアしよう<br>「ビックリマンチョコ」内の全ステージがクリアカウントの対象（進行度%d/%d）
9197,「ビックリマンチョコ」ステージを%d回クリアしよう<br>「ビックリマンチョコ」内の全ステージがクリアカウントの対象（進行度%d/%d）
9198,「カノとソウマ」をレベル10にして進化させよう<br>消滅都市コラボ期間中に進化させないと達成済みになりません
9199,仮1<br>仮2,仮1<br>仮2
9200,仮1<br>仮2,仮1<br>仮2
9201,仮1<br>仮2,仮1<br>仮2
9202,仮1<br>仮2,仮1<br>仮2
9203,「ネコ２Ｄ」をレベル10にして進化させよう<br>ドットヒーローズコラボ期間中に進化させないと達成済みになりません,スペシャルミッションに<br>「ドットヒーローズ」コラボミッションが追加されたにゃ！
17001,マンスリーミッションを3個クリアしよう<br>今月のマンスリーミッション%d個クリアすると達成（進行度%d/%d）
17002,マンスリーミッションを6個クリアしよう<br>今月のマンスリーミッション%d個クリアすると達成（進行度%d/%d）
17003,マンスリーミッションを9個クリアしよう<br>今月のマンスリーミッション%d個クリアすると達成（進行度%d/%d）
17004,マンスリーミッションを12個クリアしよう<br>今月のマンスリーミッション%d個クリアすると達成（進行度%d/%d）
17005,マンスリーミッションを15個クリアしよう<br>今月のマンスリーミッション%d個クリアすると達成（進行度%d/%d）
17006,マンスリーミッションを20個クリアしよう<br>今月のマンスリーミッション%d個クリアすると達成（進行度%d/%d）
17007,マンスリーミッションを25個クリアしよう<br>今月のマンスリーミッション%d個クリアすると達成（進行度%d/%d）
17008,マンスリーミッションを30個クリアしよう<br>今月のマンスリーミッション%d個クリアすると達成（進行度%d/%d）
1000,日本編２章で【%@】を倒そう<br>日本編２章の全てのステージが対象
1001,日本編２章で【%@】を倒そう<br>日本編２章の全てのステージが対象
1002,日本編２章で【%@】を倒そう<br>日本編２章の全てのステージが対象
1003,日本編２章で【%@】を倒そう<br>日本編２章の全てのステージが対象
1004,日本編２章で【%@】を倒そう<br>日本編２章の全てのステージが対象
1005,日本編２章で【%@】を倒そう<br>日本編２章の全てのステージが対象
1006,日本編２章で【%@】を倒そう<br>日本編２章の全てのステージが対象
1007,日本編２章で【%@】を倒そう<br>日本編２章の全てのステージが対象
1008,日本編２章で【%@】を倒そう<br>日本編２章の全てのステージが対象
1009,日本編２章で【%@】を倒そう<br>日本編２章の全てのステージが対象
1010,日本編２章で【%@】を倒そう<br>日本編２章の全てのステージが対象
1011,日本編２章で【%@】を倒そう<br>日本編２章の全てのステージが対象
1012,日本編２章で【%@】を倒そう<br>日本編２章の全てのステージが対象
1013,日本編２章で【%@】を倒そう<br>日本編２章の全てのステージが対象
1014,日本編２章で【%@】を倒そう<br>日本編２章の全てのステージが対象
1100,日本編３章で【%@】を倒そう<br>日本編３章の全てのステージが対象
1101,日本編３章で【%@】を倒そう<br>日本編３章の全てのステージが対象
1102,日本編３章で【%@】を倒そう<br>日本編３章の全てのステージが対象
1103,日本編３章で【%@】を倒そう<br>日本編３章の全てのステージが対象
1104,日本編３章で【%@】を倒そう<br>日本編３章の全てのステージが対象
1105,日本編３章で【%@】を倒そう<br>日本編３章の全てのステージが対象
1106,日本編３章で【%@】を倒そう<br>日本編３章の全てのステージが対象
1107,日本編３章で【%@】を倒そう<br>日本編３章の全てのステージが対象
1108,日本編３章で【%@】を倒そう<br>日本編３章の全てのステージが対象
1109,日本編３章で【%@】を倒そう<br>日本編３章の全てのステージが対象
1110,日本編３章で【%@】を倒そう<br>日本編３章の全てのステージが対象
1111,日本編３章で【%@】を倒そう<br>日本編３章の全てのステージが対象
1112,日本編３章で【%@】を倒そう<br>日本編３章の全てのステージが対象
1113,日本編３章で【%@】を倒そう<br>日本編３章の全てのステージが対象
1114,日本編３章で【%@】を倒そう<br>日本編３章の全てのステージが対象
1200,未来編１章で【%@】を倒そう<br>未来編１章の全てのステージが対象
1201,未来編１章で【%@】を倒そう<br>未来編１章の全てのステージが対象
1202,未来編１章で【%@】を倒そう<br>未来編１章の全てのステージが対象
1203,未来編１章で【%@】を倒そう<br>未来編１章の全てのステージが対象
1204,未来編１章で【%@】を倒そう<br>未来編１章の全てのステージが対象
1205,未来編１章で【%@】を倒そう<br>未来編１章の全てのステージが対象
1206,未来編１章で【%@】を倒そう<br>未来編１章の全てのステージが対象
1207,未来編１章で【%@】を倒そう<br>未来編１章の全てのステージが対象
1208,未来編１章で【%@】を倒そう<br>未来編１章の全てのステージが対象
1209,未来編１章で【%@】を倒そう<br>未来編１章の全てのステージが対象
1210,未来編１章で【%@】を倒そう<br>未来編１章の全てのステージが対象
1211,未来編１章で【%@】を倒そう<br>未来編１章の全てのステージが対象
1212,未来編１章で【%@】を倒そう<br>未来編１章の全てのステージが対象
1213,未来編１章で【%@】を倒そう<br>未来編１章の全てのステージが対象
1214,未来編１章で【%@】を倒そう<br>未来編１章の全てのステージが対象
1215,未来編１章で【%@】を倒そう<br>未来編１章の全てのステージが対象
1216,未来編１章で【%@】を倒そう<br>未来編１章の全てのステージが対象
1217,未来編１章で【%@】を倒そう<br>未来編１章の全てのステージが対象
1218,未来編１章で【%@】を倒そう<br>未来編１章の全てのステージが対象
1219,未来編１章で【%@】を倒そう<br>未来編１章の全てのステージが対象
1220,未来編１章で【%@】を倒そう<br>未来編１章の全てのステージが対象
1221,未来編１章で【%@】を倒そう<br>未来編１章の全てのステージが対象
1222,未来編１章で【%@】を倒そう<br>未来編１章の全てのステージが対象
1223,未来編１章で【%@】を倒そう<br>未来編１章の全てのステージが対象
1224,未来編１章で【%@】を倒そう<br>未来編１章の全てのステージが対象
1225,未来編１章で【%@】を倒そう<br>未来編１章の全てのステージが対象
1226,未来編１章で【%@】を倒そう<br>未来編１章の全てのステージが対象
1227,未来編１章で【%@】を倒そう<br>未来編１章の全てのステージが対象
1228,未来編１章で【%@】を倒そう<br>未来編１章の全てのステージが対象
1229,未来編１章で【%@】を倒そう<br>未来編１章の全てのステージが対象
1300,未来編２章で【%@】を倒そう<br>未来編２章の全てのステージが対象
1301,未来編２章で【%@】を倒そう<br>未来編２章の全てのステージが対象
1302,未来編２章で【%@】を倒そう<br>未来編２章の全てのステージが対象
1303,未来編２章で【%@】を倒そう<br>未来編２章の全てのステージが対象
1304,未来編２章で【%@】を倒そう<br>未来編２章の全てのステージが対象
1305,未来編２章で【%@】を倒そう<br>未来編２章の全てのステージが対象
1306,未来編２章で【%@】を倒そう<br>未来編２章の全てのステージが対象
1307,未来編２章で【%@】を倒そう<br>未来編２章の全てのステージが対象
1308,未来編２章で【%@】を倒そう<br>未来編２章の全てのステージが対象
1309,未来編２章で【%@】を倒そう<br>未来編２章の全てのステージが対象
1310,未来編２章で【%@】を倒そう<br>未来編２章の全てのステージが対象
1311,未来編２章で【%@】を倒そう<br>未来編２章の全てのステージが対象
1312,未来編２章で【%@】を倒そう<br>未来編２章の全てのステージが対象
1313,未来編２章で【%@】を倒そう<br>未来編２章の全てのステージが対象
1314,未来編２章で【%@】を倒そう<br>未来編２章の全てのステージが対象
1315,未来編２章で【%@】を倒そう<br>未来編２章の全てのステージが対象
1316,未来編２章で【%@】を倒そう<br>未来編２章の全てのステージが対象
1317,未来編２章で【%@】を倒そう<br>未来編２章の全てのステージが対象
1318,レジェンドステージのステージレベル１で<br>【%@】を倒そう
1319,レジェンドステージのステージレベル１で<br>【%@】を倒そう
1320,レジェンドステージのステージレベル１で<br>【%@】を倒そう
1321,レジェンドステージのステージレベル１で<br>【%@】を倒そう
1322,レジェンドステージのステージレベル１で<br>【%@】を倒そう
1323,レジェンドステージのステージレベル１で<br>【%@】を倒そう
1324,レジェンドステージのステージレベル１で<br>【%@】を倒そう
1325,レジェンドステージのステージレベル１で<br>【%@】を倒そう
1326,レジェンドステージのステージレベル１で<br>【%@】を倒そう
1327,レジェンドステージのステージレベル１で<br>【%@】を倒そう
1328,レジェンドステージのステージレベル１で<br>【%@】を倒そう
1329,レジェンドステージのステージレベル１で<br>【%@】を倒そう
1330,レジェンドステージのステージレベル１で<br>【%@】を倒そう
1331,レジェンドステージのステージレベル１で<br>【%@】を倒そう
1332,レジェンドステージのステージレベル１で<br>【%@】を倒そう
1333,レジェンドステージのステージレベル１で<br>【%@】を倒そう
1334,紅のカタストロフで【%@】を倒そう<br>紅のカタストロフの全てのステージが対象
1335,ダークネスヘブンで【%@】を倒そう<br>ダークネスヘブンの全てのステージが対象
1400,未来編３章で【%@】を倒そう<br>未来編３章の全てのステージが対象
1401,未来編３章で【%@】を倒そう<br>未来編３章の全てのステージが対象
1402,未来編３章で【%@】を倒そう<br>未来編３章の全てのステージが対象
1403,未来編３章で【%@】を倒そう<br>未来編３章の全てのステージが対象
1404,未来編３章で【%@】を倒そう<br>未来編３章の全てのステージが対象
1405,未来編３章で【%@】を倒そう<br>未来編３章の全てのステージが対象
1406,未来編３章で【%@】を倒そう<br>未来編３章の全てのステージが対象
1407,未来編３章で【%@】を倒そう<br>未来編３章の全てのステージが対象
1408,未来編３章で【%@】を倒そう<br>未来編３章の全てのステージが対象
1409,未来編３章で【%@】を倒そう<br>未来編３章の全てのステージが対象
1410,未来編３章で【%@】を倒そう<br>未来編３章の全てのステージが対象
1411,未来編３章で【%@】を倒そう<br>未来編３章の全てのステージが対象
1412,未来編３章で【%@】を倒そう<br>未来編３章の全てのステージが対象
1413,未来編３章で【%@】を倒そう<br>未来編３章の全てのステージが対象
1414,未来編３章で【%@】を倒そう<br>未来編３章の全てのステージが対象
1415,未来編３章で【%@】を倒そう<br>未来編３章の全てのステージが対象
1416,未来編３章で【%@】を倒そう<br>未来編３章の全てのステージが対象
1417,レジェンドステージのステージレベル１で<br>【%@】を倒そう
1418,レジェンドステージのステージレベル１で<br>【%@】を倒そう
1419,レジェンドステージのステージレベル１で<br>【%@】を倒そう
1420,レジェンドステージのステージレベル１で<br>【%@】を倒そう
1421,レジェンドステージのステージレベル１で<br>【%@】を倒そう
1422,レジェンドステージのステージレベル１で<br>【%@】を倒そう
1423,レジェンドステージのステージレベル１で<br>【%@】を倒そう
1424,レジェンドステージのステージレベル１で<br>【%@】を倒そう
1425,レジェンドステージのステージレベル１で<br>【%@】を倒そう
1426,レジェンドステージのステージレベル１で<br>【%@】を倒そう
1427,レジェンドステージのステージレベル１で<br>【%@】を倒そう
1428,レジェンドステージのステージレベル１で<br>【%@】を倒そう
1429,レジェンドステージのステージレベル１で<br>【%@】を倒そう
1430,レジェンドステージのステージレベル１で<br>【%@】を倒そう
1431,レジェンドステージのステージレベル１で<br>【%@】を倒そう
1432,レジェンドステージのステージレベル１で<br>【%@】を倒そう
1433,レジェンドステージのステージレベル１で<br>【%@】を倒そう
1434,国士無双で【%@】を倒そう<br>国士無双の全てのステージが対象
1435,天罰で【%@】を倒そう<br>天罰の全てのステージが対象
1500,宇宙編１章で【%@】を倒そう<br>宇宙編１章の全てのステージが対象
1501,宇宙編１章で【%@】を倒そう<br>宇宙編１章の全てのステージが対象
1502,宇宙編１章で【%@】を倒そう<br>宇宙編１章の全てのステージが対象
1503,宇宙編１章で【%@】を倒そう<br>宇宙編１章の全てのステージが対象
1504,宇宙編１章で【%@】を倒そう<br>宇宙編１章の全てのステージが対象
1505,宇宙編１章で【%@】を倒そう<br>宇宙編１章の全てのステージが対象
1506,宇宙編１章で【%@】を倒そう<br>宇宙編１章の全てのステージが対象
1507,宇宙編１章で【%@】を倒そう<br>宇宙編１章の全てのステージが対象
1508,宇宙編１章で【%@】を倒そう<br>宇宙編１章の全てのステージが対象
1509,宇宙編１章で【%@】を倒そう<br>宇宙編１章の全てのステージが対象
1510,宇宙編１章で【%@】を倒そう<br>宇宙編１章の全てのステージが対象
1511,宇宙編１章で【%@】を倒そう<br>宇宙編１章の全てのステージが対象
1512,宇宙編１章で【%@】を倒そう<br>宇宙編１章の全てのステージが対象
1513,宇宙編１章で【%@】を倒そう<br>宇宙編１章の全てのステージが対象
1514,宇宙編１章で【%@】を倒そう<br>宇宙編１章の全てのステージが対象
1515,宇宙編１章で【%@】を倒そう<br>宇宙編１章の全てのステージが対象
1516,宇宙編１章で【%@】を倒そう<br>宇宙編１章の全てのステージが対象
1517,レジェンドステージのステージレベル２で<br>【%@】を倒そう
1518,レジェンドステージのステージレベル２で<br>【%@】を倒そう
1519,レジェンドステージのステージレベル２で<br>【%@】を倒そう
1520,レジェンドステージのステージレベル２で<br>【%@】を倒そう
1521,レジェンドステージのステージレベル２で<br>【%@】を倒そう
1522,レジェンドステージのステージレベル２で<br>【%@】を倒そう
1523,レジェンドステージのステージレベル２で<br>【%@】を倒そう
1524,レジェンドステージのステージレベル２で<br>【%@】を倒そう
1525,レジェンドステージのステージレベル２で<br>【%@】を倒そう
1526,レジェンドステージのステージレベル２で<br>【%@】を倒そう
1527,レジェンドステージのステージレベル２で<br>【%@】を倒そう
1528,レジェンドステージのステージレベル２で<br>【%@】を倒そう
1529,レジェンドステージのステージレベル２で<br>【%@】を倒そう
1530,レジェンドステージのステージレベル２で<br>【%@】を倒そう
1531,レジェンドステージのステージレベル２で<br>【%@】を倒そう
1532,レジェンドステージのステージレベル２で<br>【%@】を倒そう
1533,レジェンドステージのステージレベル２で<br>【%@】を倒そう
1534,鉄子の部屋で【%@】を倒そう<br>鉄子の部屋の全てのステージが対象
1535,絶望異次元で【%@】を倒そう<br>絶望異次元の全てのステージが対象
1600,宇宙編２章で【%@】を倒そう<br>宇宙編２章の全てのステージが対象
1601,宇宙編２章で【%@】を倒そう<br>宇宙編２章の全てのステージが対象
1602,宇宙編２章で【%@】を倒そう<br>宇宙編２章の全てのステージが対象
1603,宇宙編２章で【%@】を倒そう<br>宇宙編２章の全てのステージが対象
1604,宇宙編２章で【%@】を倒そう<br>宇宙編２章の全てのステージが対象
1605,宇宙編２章で【%@】を倒そう<br>宇宙編２章の全てのステージが対象
1606,宇宙編２章で【%@】を倒そう<br>宇宙編２章の全てのステージが対象
1607,宇宙編２章で【%@】を倒そう<br>宇宙編２章の全てのステージが対象
1608,宇宙編２章で【%@】を倒そう<br>宇宙編２章の全てのステージが対象
1609,宇宙編２章で【%@】を倒そう<br>宇宙編２章の全てのステージが対象
1610,宇宙編２章で【%@】を倒そう<br>宇宙編２章の全てのステージが対象
1611,宇宙編２章で【%@】を倒そう<br>宇宙編２章の全てのステージが対象
1612,宇宙編２章で【%@】を倒そう<br>宇宙編２章の全てのステージが対象
1613,宇宙編２章で【%@】を倒そう<br>宇宙編２章の全てのステージが対象
1614,宇宙編２章で【%@】を倒そう<br>宇宙編２章の全てのステージが対象
1615,宇宙編２章で【%@】を倒そう<br>宇宙編２章の全てのステージが対象
1616,宇宙編２章で【%@】を倒そう<br>宇宙編２章の全てのステージが対象
1617,宇宙編２章で【%@】を倒そう<br>宇宙編２章の全てのステージが対象
1618,宇宙編２章で【%@】を倒そう<br>宇宙編２章の全てのステージが対象
1619,宇宙編２章で【%@】を倒そう<br>宇宙編２章の全てのステージが対象
1620,レジェンドステージのステージレベル１で<br>【%@】を倒そう
1621,レジェンドステージのステージレベル１で<br>【%@】を倒そう
1622,レジェンドステージのステージレベル１で<br>【%@】を倒そう
1623,レジェンドステージのステージレベル１で<br>【%@】を倒そう
1624,レジェンドステージのステージレベル１で<br>【%@】を倒そう
1625,レジェンドステージのステージレベル１で<br>【%@】を倒そう
1626,レジェンドステージのステージレベル１で<br>【%@】を倒そう
1627,レジェンドステージのステージレベル１で<br>【%@】を倒そう
1628,レジェンドステージのステージレベル１で<br>【%@】を倒そう
1629,レジェンドステージのステージレベル１で<br>【%@】を倒そう
1630,レジェンドステージのステージレベル１で<br>【%@】を倒そう
1631,レジェンドステージのステージレベル１で<br>【%@】を倒そう
1632,レジェンドステージのステージレベル１で<br>【%@】を倒そう
1633,レジェンドステージのステージレベル１で<br>【%@】を倒そう
1634,緊急爆風警報で【%@】を倒そう<br>緊急爆風警報の全てのステージが対象
1635,ローリングデッドで【%@】を倒そう<br>ローリングデッドの全てのステージが対象
1700,宇宙編３章で【%@】を倒そう<br>宇宙編３章の全てのステージが対象
1701,宇宙編３章で【%@】を倒そう<br>宇宙編３章の全てのステージが対象
1702,宇宙編３章で【%@】を倒そう<br>宇宙編３章の全てのステージが対象
1703,宇宙編３章で【%@】を倒そう<br>宇宙編３章の全てのステージが対象
1704,宇宙編３章で【%@】を倒そう<br>宇宙編３章の全てのステージが対象
1705,宇宙編３章で【%@】を倒そう<br>宇宙編３章の全てのステージが対象
1706,宇宙編３章で【%@】を倒そう<br>宇宙編３章の全てのステージが対象
1707,宇宙編３章で【%@】を倒そう<br>宇宙編３章の全てのステージが対象
1708,宇宙編３章で【%@】を倒そう<br>宇宙編３章の全てのステージが対象
1709,宇宙編３章で【%@】を倒そう<br>宇宙編３章の全てのステージが対象
1710,宇宙編３章で【%@】を倒そう<br>宇宙編３章の全てのステージが対象
1711,宇宙編３章で【%@】を倒そう<br>宇宙編３章の全てのステージが対象
1712,宇宙編３章で【%@】を倒そう<br>宇宙編３章の全てのステージが対象
1713,宇宙編３章で【%@】を倒そう<br>宇宙編３章の全てのステージが対象
1714,宇宙編３章で【%@】を倒そう<br>宇宙編３章の全てのステージが対象
1715,宇宙編３章で【%@】を倒そう<br>宇宙編３章の全てのステージが対象
1716,宇宙編３章で【%@】を倒そう<br>宇宙編３章の全てのステージが対象
1717,宇宙編３章で【%@】を倒そう<br>宇宙編３章の全てのステージが対象
1718,宇宙編３章で【%@】を倒そう<br>宇宙編３章の全てのステージが対象
1719,宇宙編３章で【%@】を倒そう<br>宇宙編３章の全てのステージが対象
1720,レジェンドステージのステージレベル１で<br>【%@】を倒そう
1721,レジェンドステージのステージレベル１で<br>【%@】を倒そう
1722,レジェンドステージのステージレベル１で<br>【%@】を倒そう
1723,レジェンドステージのステージレベル１で<br>【%@】を倒そう
1724,レジェンドステージのステージレベル１で<br>【%@】を倒そう
1725,レジェンドステージのステージレベル１で<br>【%@】を倒そう
1726,レジェンドステージのステージレベル１で<br>【%@】を倒そう
1727,レジェンドステージのステージレベル１で<br>【%@】を倒そう
1728,レジェンドステージのステージレベル１で<br>【%@】を倒そう
1729,レジェンドステージのステージレベル１で<br>【%@】を倒そう
1730,レジェンドステージのステージレベル１で<br>【%@】を倒そう
1731,レジェンドステージのステージレベル１で<br>【%@】を倒そう
1732,レジェンドステージのステージレベル１で<br>【%@】を倒そう
1733,レジェンドステージのステージレベル１で<br>【%@】を倒そう
1734,レジェンドステージのステージレベル１で<br>【%@】を倒そう
1735,絶望新次元で【%@】を倒そう<br>絶望新次元の全てのステージが対象
1800,レジェンドステージのステージレベル３で<br>【%@】を倒そう
1801,レジェンドステージのステージレベル３で<br>【%@】を倒そう
1802,レジェンドステージのステージレベル３で<br>【%@】を倒そう
1803,レジェンドステージのステージレベル３で<br>【%@】を倒そう
1804,レジェンドステージのステージレベル３で<br>【%@】を倒そう
1805,レジェンドステージのステージレベル３で<br>【%@】を倒そう
1806,レジェンドステージのステージレベル３で<br>【%@】を倒そう
1807,レジェンドステージのステージレベル３で<br>【%@】を倒そう
1808,レジェンドステージのステージレベル３で<br>【%@】を倒そう
1809,レジェンドステージのステージレベル３で<br>【%@】を倒そう
1810,レジェンドステージのステージレベル３で<br>【%@】を倒そう
1811,レジェンドステージのステージレベル３で<br>【%@】を倒そう
1812,レジェンドステージのステージレベル３で<br>【%@】を倒そう
1813,レジェンドステージのステージレベル３で<br>【%@】を倒そう
1814,レジェンドステージのステージレベル３で<br>【%@】を倒そう
1815,レジェンドステージのステージレベル３で<br>【%@】を倒そう
1816,レジェンドステージのステージレベル３で<br>【%@】を倒そう
1817,レジェンドステージのステージレベル３で<br>【%@】を倒そう
1818,レジェンドステージのステージレベル３で<br>【%@】を倒そう
1819,レジェンドステージのステージレベル３で<br>【%@】を倒そう
1820,レジェンドステージのステージレベル３で<br>【%@】を倒そう
1821,レジェンドステージのステージレベル３で<br>【%@】を倒そう
1822,レジェンドステージのステージレベル３で<br>【%@】を倒そう
1823,レジェンドステージのステージレベル３で<br>【%@】を倒そう
1824,レジェンドステージのステージレベル３で<br>【%@】を倒そう
1825,レジェンドステージのステージレベル３で<br>【%@】を倒そう
1826,レジェンドステージのステージレベル３で<br>【%@】を倒そう
1827,レジェンドステージのステージレベル３で<br>【%@】を倒そう
1828,レジェンドステージのステージレベル３で<br>【%@】を倒そう
1829,レジェンドステージのステージレベル３で<br>【%@】を倒そう
1830,レジェンドステージのステージレベル３で<br>【%@】を倒そう
1831,レジェンドステージのステージレベル３で<br>【%@】を倒そう
1832,レジェンドステージのステージレベル３で<br>【%@】を倒そう
1833,レジェンドステージのステージレベル３で<br>【%@】を倒そう
1834,レジェンドステージのステージレベル３で<br>【%@】を倒そう
1835,レジェンドステージのステージレベル３で<br>【%@】を倒そう
1900,レジェンドステージのステージレベル４で<br>【%@】を倒そう
1901,レジェンドステージのステージレベル４で<br>【%@】を倒そう
1902,レジェンドステージのステージレベル４で<br>【%@】を倒そう
1903,レジェンドステージのステージレベル４で<br>【%@】を倒そう
1904,レジェンドステージのステージレベル４で<br>【%@】を倒そう
1905,レジェンドステージのステージレベル４で<br>【%@】を倒そう
1906,レジェンドステージのステージレベル４で<br>【%@】を倒そう
1907,レジェンドステージのステージレベル４で<br>【%@】を倒そう
1908,レジェンドステージのステージレベル４で<br>【%@】を倒そう
1909,レジェンドステージのステージレベル４で<br>【%@】を倒そう
1910,レジェンドステージのステージレベル４で<br>【%@】を倒そう
1911,レジェンドステージのステージレベル４で<br>【%@】を倒そう
1912,レジェンドステージのステージレベル４で<br>【%@】を倒そう
1913,レジェンドステージのステージレベル４で<br>【%@】を倒そう
1914,レジェンドステージのステージレベル４で<br>【%@】を倒そう
1915,レジェンドステージのステージレベル４で<br>【%@】を倒そう
1916,レジェンドステージのステージレベル４で<br>【%@】を倒そう
1917,レジェンドステージのステージレベル４で<br>【%@】を倒そう
1918,レジェンドステージのステージレベル４で<br>【%@】を倒そう
1919,レジェンドステージのステージレベル４で<br>【%@】を倒そう
1920,レジェンドステージのステージレベル４で<br>【%@】を倒そう
1921,レジェンドステージのステージレベル４で<br>【%@】を倒そう
1922,レジェンドステージのステージレベル４で<br>【%@】を倒そう
1923,レジェンドステージのステージレベル４で<br>【%@】を倒そう
1924,レジェンドステージのステージレベル４で<br>【%@】を倒そう
1925,レジェンドステージのステージレベル４で<br>【%@】を倒そう
1926,レジェンドステージのステージレベル４で<br>【%@】を倒そう
1927,レジェンドステージのステージレベル４で<br>【%@】を倒そう
1928,レジェンドステージのステージレベル４で<br>【%@】を倒そう
1929,レジェンドステージのステージレベル４で<br>【%@】を倒そう
1930,レジェンドステージのステージレベル４で<br>【%@】を倒そう
1931,レジェンドステージのステージレベル４で<br>【%@】を倒そう
1932,レジェンドステージのステージレベル４で<br>【%@】を倒そう
1933,レジェンドステージのステージレベル４で<br>【%@】を倒そう
1934,レジェンドステージのステージレベル４で<br>【%@】を倒そう
1935,レジェンドステージのステージレベル４で<br>【%@】を倒そう
2000,レジェンドステージのステージレベル４で<br>【%@】を倒そう
2001,レジェンドステージのステージレベル４で<br>【%@】を倒そう
2002,レジェンドステージのステージレベル４で<br>【%@】を倒そう
2003,レジェンドステージのステージレベル４で<br>【%@】を倒そう
2004,レジェンドステージのステージレベル４で<br>【%@】を倒そう
2005,レジェンドステージのステージレベル４で<br>【%@】を倒そう
2006,レジェンドステージのステージレベル４で<br>【%@】を倒そう
2007,レジェンドステージのステージレベル４で<br>【%@】を倒そう
2008,レジェンドステージのステージレベル４で<br>【%@】を倒そう
2009,レジェンドステージのステージレベル４で<br>【%@】を倒そう
2010,レジェンドステージのステージレベル４で<br>【%@】を倒そう
2011,レジェンドステージのステージレベル４で<br>【%@】を倒そう
2012,レジェンドステージのステージレベル４で<br>【%@】を倒そう
2013,レジェンドステージのステージレベル４で<br>【%@】を倒そう
2014,レジェンドステージのステージレベル４で<br>【%@】を倒そう
2015,レジェンドステージのステージレベル４で<br>【%@】を倒そう
2016,レジェンドステージのステージレベル４で<br>【%@】を倒そう
2017,レジェンドステージのステージレベル４で<br>【%@】を倒そう
2018,レジェンドステージのステージレベル４で<br>【%@】を倒そう
2019,レジェンドステージのステージレベル４で<br>【%@】を倒そう
2020,レジェンドステージのステージレベル４で<br>【%@】を倒そう
2021,レジェンドステージのステージレベル４で<br>【%@】を倒そう
2022,レジェンドステージのステージレベル４で<br>【%@】を倒そう
2023,レジェンドステージのステージレベル４で<br>【%@】を倒そう
2024,レジェンドステージのステージレベル４で<br>【%@】を倒そう
2025,レジェンドステージのステージレベル４で<br>【%@】を倒そう
2026,レジェンドステージのステージレベル４で<br>【%@】を倒そう
2027,レジェンドステージのステージレベル４で<br>【%@】を倒そう
2028,レジェンドステージのステージレベル４で<br>【%@】を倒そう
2029,レジェンドステージのステージレベル４で<br>【%@】を倒そう
2030,レジェンドステージのステージレベル４で<br>【%@】を倒そう
2031,レジェンドステージのステージレベル４で<br>【%@】を倒そう
2032,レジェンドステージのステージレベル４で<br>【%@】を倒そう
2033,レジェンドステージのステージレベル４で<br>【%@】を倒そう
2034,レジェンドステージのステージレベル４で<br>【%@】を倒そう
2035,レジェンドステージのステージレベル４で<br>【%@】を倒そう
9204,「太秦麗＆ネコ」をレベル10にして進化させよう<br>地下鉄に乗るっコラボ期間中に進化させないと達成済みになりません
9205,「ゴウキリン」をレベル10にして進化させよう<br>ストリートファイターVコラボ期間中に進化させないと達成済みになりません,スペシャルミッションに<br>「ストリートファイターV」コラボミッションが追加されたにゃ！
9206,「ネコリュウ」をレベル10にして進化させよう<br>ストリートファイターVコラボ期間中に進化させないと達成済みになりません
9207,「ネコ春麗」をレベル10にして進化させよう<br>ストリートファイターVコラボ期間中に進化させないと達成済みになりません
9208,「祝!7周年!!」を%d回クリアしよう<br>ステージクリアしても翌日再出現し、ドロップ報酬もリセット（進行度%d/%d）,スペシャルミッションに<br>7周年記念ミッションが追加されたにゃ！
9209,「7周年記念大会」で7777点以上獲得しよう<br>ランキングステージはネコ道場から挑戦できます,スペシャルミッションに<br>7周年記念ランキングミッションが追加されたにゃ！
9210,「ソラカラちゃん」をレベル10にして進化させよう<br>スカイツリーコラボ期間中に進化させないと達成済みになりません
9211,降臨祭イベント限定ミッション<br>「ブルーインパクト」ステージをクリアしよう
9212,降臨祭イベント限定ミッションを%dつ全てクリアしよう<br>（進行度%d/%d）
9213,「ネコミク」をレベル10にして進化させよう<br>初音ミクコラボ期間中に進化させないと達成済みになりません
9214,「MIKU EXPO」ステージを%d回クリアしよう<br>「MIKU EXPO」内の全ステージがクリアカウントの対象（進行度%d/%d）,スペシャルミッションに<br>「初音ミク」コラボミッションが追加されたにゃ！
9215,「MIKU EXPO」ステージを%d回クリアしよう<br>「MIKU EXPO」内の全ステージがクリアカウントの対象（進行度%d/%d）
9216,「MIKU EXPO」ステージを%d回クリアしよう<br>「MIKU EXPO」内の全ステージがクリアカウントの対象（進行度%d/%d）
9217,仮1<br>仮2,仮1<br>仮2
9218,仮1<br>仮2
9219,仮1<br>仮2
9220,「ネコU.F.O.」をレベル10にして進化させよう<br>日清焼そばU.F.O.コラボ期間中に進化させないと達成済みになりません,スペシャルミッションに<br>「日清焼そばU.F.O.」コラボミッションが追加されたにゃ！
9221,ガマトトを探検に出発させて%d回探検終了させよう<br>消滅都市コラボ期間中にいずれかのエリアで5回探検終了で達成（進行度%d/%d）,スペシャルミッションに<br>消滅都市コラボ新規ミッションが追加されたにゃ！
9222,風雲にゃんこ塔の50階をクリアしよう<br>※既に取得済みの方は取得できません,スペシャルミッションに<br>風雲にゃんこ塔ミッションが追加されたにゃ！
9223,「天子男ジャック」をレベル10にして進化させよう<br>ビックリマンコラボ期間中に進化させないと達成済みになりません
9224,「祝!8周年!!」を%d回クリアしよう<br>ステージクリアしても翌日再出現し、ドロップ報酬もリセット（進行度%d/%d）,スペシャルミッションに<br>8周年記念ミッションが追加されたにゃ！
9225,「8周年記念大会」で8888点以上獲得しよう<br>ランキングステージはネコ道場から挑戦できます,スペシャルミッションに<br>8周年記念ランキングミッションが追加されたにゃ！
9226,「ネコ乱馬(男)」をレベル10にして進化させよう<br>らんま1/2コラボ期間中に進化させないと達成済みになりません,スペシャルミッションに<br>「らんま1/2」コラボミッションが追加されたにゃ！
9227,「ネコパンダ」をレベル10にして進化させよう<br>らんま1/2コラボ期間中に進化させないと達成済みになりません
9228,「伝説の呪泉郷」ステージを%d回クリアしよう<br>「伝説の呪泉郷」内の全ステージがクリアカウントの対象（進行度%d/%d）
9229,「伝説の呪泉郷」ステージを%d回クリアしよう<br>「伝説の呪泉郷」内の全ステージがクリアカウントの対象（進行度%d/%d）
9230,「伝説の呪泉郷」ステージを%d回クリアしよう<br>「伝説の呪泉郷」内の全ステージがクリアカウントの対象（進行度%d/%d）
30,日本編1章の最高のお宝を全てゲットしよう
31,日本編2章の最高のお宝を全てゲットしよう
32,日本編3章の最高のお宝を全てゲットしよう
33,未来編1章の最高のお宝を全てゲットしよう
34,未来編2章の最高のお宝を全てゲットしよう
35,未来編3章の最高のお宝を全てゲットしよう
36,宇宙編1章の最高のお宝を全てゲットしよう
37,宇宙編2章の最高のお宝を全てゲットしよう
38,宇宙編3章の最高のお宝を全てゲットしよう
9231,降臨祭イベント限定追加ミッション<br>「地獄門」を基本キャラ8体以上編成して%d回クリアしよう
9232,降臨祭イベント限定追加ミッション<br>「亡者デブウ降臨」をEXキャラ8体以上編成して%d回クリアしよう
9233,降臨祭イベント限定追加ミッション<br>「チワワン伯爵降臨」を基本キャラ9体全て編成して%d回クリアしよう
9234,降臨祭イベント限定追加ミッション<br>「ブルーインパクト」を全てのキャラが第２形態の編成で%d回クリアしよう
9235,降臨祭イベント限定追加ミッション<br>「夜は短し夢みよ乙女」を全てのキャラが第１形態の編成で%d回クリアしよう
9236,降臨祭イベント限定追加ミッションを%dつ全てクリアしよう<br>（進行度%d/%d）
9237,「天使と般若」ステージをクリアしよう<br>EXステージもクリアしないと達成済みになりません
9238,「女帝と亡者」ステージをクリアしよう<br>EXステージもクリアしないと達成済みになりません
9239,「伯爵と乙女」ステージをクリアしよう<br>EXステージもクリアしないと達成済みになりません
9240,夏休みの宿題【第1弾】①：まずは体験レポートのネタ探し<br>「ねこのなつやすみ」ステージを%d回クリア（進行度%d/%d）,スペシャルミッションに<br>「夏休みの宿題【第1弾】」が追加されたにゃ！
9241,夏休みの宿題【第1弾】②：もっと体験レポートのネタ探し<br>「ねこのなつやすみ」ステージを%d回クリア（進行度%d/%d）
9242,夏休みの宿題【第1弾】③：まだまだ体験レポートのネタ探し<br>「ねこのなつやすみ」ステージを%d回クリア（進行度%d/%d）
9243,夏休みの宿題【第1弾】④：体験レポートの作成<br>「おんぼろ秘密基地」ステージを%d回クリア（進行度%d/%d）
9244,夏休みの宿題【第1弾】⑤：イケてる体験レポートの作成<br>「イケてる秘密基地」ステージを%d回クリア（進行度%d/%d）
9245,夏休みの宿題【第1弾】⑥：かんぺきな体験レポートの作成<br>「かんぺきな秘密基地」ステージを%d回クリア（進行度%d/%d）
9246,夏休みの自由研究【第1弾】①：昆虫らしき生命体の調査<br>「カブトネコ」をレベル10にして進化させよう,スペシャルミッションに<br>「夏休みの自由研究【第1弾】」が追加されたにゃ！
9247,夏休みの自由研究【第1弾】②：昆虫らしき生命体の調査<br>「クワガタネコ」をレベル10にして進化させよう
9248,夏休みの自由研究【第1弾】③：昆虫らしき生命体の更なる調査<br>「カブトネコ」をレベル20までパワーアップさせよう
9249,夏休みの自由研究【第1弾】④：昆虫らしき生命体の更なる調査<br>「クワガタネコ」をレベル20までパワーアップさせよう
9250,夏休みの自由研究【第2弾】①：昆虫らしき生命体の観察<br>「カブトネコ」を編成し「ときめき夏祭り」のステージ1をクリア,スペシャルミッションに<br>「夏休みの自由研究【第2弾】」が追加されたにゃ！
9251,夏休みの自由研究【第2弾】②：昆虫らしき生命体の観察<br>「クワガタネコ」を編成し「ときめき夏祭り」のステージ2をクリア
9252,夏休みの自由研究【第2弾】③：昆虫らしき生命体の更なる観察<br>「カブトネコ」を編成し「ときめき夏祭り」のステージ4をクリア
9253,夏休みの自由研究【第2弾】④：昆虫らしき生命体の更なる観察<br>「クワガタネコ」を編成し「ときめき夏祭り」のステージ6をクリア
9254,夏休みの宿題【第2弾】①：特別授業「こくご」<br>「サマーレッスン」ステージを%d回クリア（進行度%d/%d）,スペシャルミッションに<br>「夏休みの宿題【第2弾】」が追加されたにゃ！
9255,夏休みの宿題【第2弾】②：特別授業「さんすう」<br>「サマーレッスン」ステージを%d回クリア（進行度%d/%d）
9256,夏休みの宿題【第2弾】③：特別授業「どうとく」<br>「サマーレッスン」ステージを%d回クリア（進行度%d/%d）
9257,夏休みの宿題【第2弾】④：特別授業「がっかつ」<br>「サマーレッスン」ステージを%d回クリア（進行度%d/%d）
9258,夏休みの自由研究【第3弾】①：海の生物の研究<br>「カブトネコ」を編成し「生きろ！マンボウ！」のステージ1をクリア,スペシャルミッションに<br>「夏休みの自由研究【第3弾】」が追加されたにゃ！
9259,夏休みの自由研究【第3弾】②：海の生物の研究<br>「クワガタネコ」を編成し「生きろ！マンボウ！」のステージ3をクリア
9260,夏休みの自由研究【第3弾】③：海の仲間たちの更なる研究<br>「カブトネコ」を編成し「３億匹の仲間はみな死んだ」%d回クリア（進行度%d/%d）
9261,夏休みの自由研究【第3弾】④：海の仲間たちの更なる研究<br>「クワガタネコ」を編成し「３億匹の仲間はみな死んだ」%d回クリア（進行度%d/%d）
39,ネコ女王の悪魔調査１：魔導書に書き残された謎の文字<br>「魔導書の示す場所」と「ネコの解放」をクリアしよう,メインミッションに<br>ネコ女王の悪魔調査ミッションが追加されたにゃ！
40,ネコ女王の悪魔調査２：異界からの刺客<br>「異界のしもべ」と「タンクネコの解放」をクリアしよう
9262,「熱血！大玉転がし！」ステージを%d回クリアしよう<br>「熱血！大玉転がし！」内の全ステージがクリアカウントの対象（進行度%d/%d）,スペシャルミッションに<br>「熱血！にゃんこ大運動会！」が追加されたにゃ！
9263,「熱血！大玉転がし！」ステージを%d回クリアしよう<br>「熱血！大玉転がし！」内の全ステージがクリアカウントの対象（進行度%d/%d）
9264,「熱血！障害物競走！」ステージを%d回クリアしよう<br>「熱血！障害物競走！」内の全ステージがクリアカウントの対象（進行度%d/%d）
9265,「熱血！障害物競走！」を基本キャラ9体全て編成して%d回クリアしよう<br>「熱血！障害物競走！」内の全ステージがクリアカウントの対象（進行度%d/%d）
9266,「熱血！二人三脚バトル！」で【%@】を倒そう<br>「熱血！二人三脚バトル！」の全てのステージが対象
9267,「熱血！二人三脚バトル！」で【%@】を倒そう<br>「熱血！二人三脚バトル！」の全てのステージが対象
9268,熱血！にゃんこ大運動会限定ミッションを%dつ全てクリアしよう<br>（進行度%d/%d）
9269,薔薇園の魔女を倒そう<br>対象の魔女はステージ「魔女の結界 ～薔薇園の魔女～」で出現,スペシャルミッションに<br>魔法少女まどか☆マギカコラボミッションが追加されたにゃ！
9270,お菓子の魔女を倒そう<br>対象の魔女はステージ「魔女の結界 ～お菓子の魔女～」で出現
9271,ハコの魔女を倒そう<br>対象の魔女はステージ「魔女の結界 ～ハコの魔女～」で出現
9272,くるみ割りの魔女を倒そう<br>対象の魔女はステージ「くるみ割りの魔女」で出現
9273,すべての魔女を倒そう<br>%dつの魔女討伐ミッションを全て達成する必要があります（進行度%d/%d）
9274,「ちびまどか」をレベル10にして進化させよう<br>魔法少女まどか☆マギカコラボ期間中に進化させないと達成済みになりません
9275,「ネコキュゥべえ」をレベル10にして進化させよう<br>魔法少女まどか☆マギカコラボ期間中に進化させないと達成済みになりません
41,ネコ女王の悪魔調査３：魔力の示す先<br>「デーモンパーク」と「バトルネコの解放」をクリアしよう
42,ネコ女王の悪魔調査１～３を%dつすべてクリアしよう<br>（進行度%d/%d）
43,ネコ女王の緊急依頼：悪しきネコたちを魔力から解放せよ<br>「ネコたちの解放」をクリアしよう（魔界への扉が開く…）
44,魔界編をクリアしよう<br>魔界編のすべてのステージをクリアすれば達成
45,魔界編をクリアしよう<br>魔界編のすべてのステージをクリアすれば達成
9276,「めざせＧＩ にゃんこ競馬」ステージを%d回クリアしよう<br>「めざせＧＩ にゃんこ競馬」内の全ステージがクリアカウントの対象（進行度%d/%d）,スペシャルミッションに<br>JRAコラボミッションが追加されたにゃ！
9277,「めざせＧＩ にゃんこ競馬」ステージを%d回クリアしよう<br>「めざせＧＩ にゃんこ競馬」内の全ステージがクリアカウントの対象（進行度%d/%d）
9278,「めざせＧＩ にゃんこ競馬」ステージを%d回クリアしよう<br>「めざせＧＩ にゃんこ競馬」内の全ステージがクリアカウントの対象（進行度%d/%d）
9279,「ネコキリンモドキ」をイベントガチャで1体ゲットしよう<br>JRAコラボ期間中にゲットしないと達成済みになりません
9280,「ネコノトリッキー」をイベントガチャで1体ゲットしよう<br>JRAコラボ期間中にゲットしないと達成済みになりません
9281,「ネコノドラゴーン」をイベントガチャで1体ゲットしよう<br>JRAコラボ期間中にゲットしないと達成済みになりません
9282,JRAコラボ限定ミッションを%dつ全てクリアしよう<br>（進行度%d/%d）

